incomeperperson,alcconsumption,armedforcesrate,breastcancerper100th,co2emissions,femaleemployrate,hivrate,internetuserate,lifeexpectancy,polityscore,relectricperperson,suicideper100th,employrate,urbanrate,oilperperson,country,countrycode
8740.96607625943,0.03,0.5696534,26.8,75944000.0,25.6000003814697,1.9354421768707486,3.65412162280064,49.62449999999998,0.0,1173.1789948671906,6.68438529968262,55.7000007629394,24.04,1.4840851636765646,Afghanistan,AFG
1914.99655094922,7.29,1.0247361,57.4,223747333.333333,42.0999984741211,1.9354421768707486,44.9899469578783,76.918,9.0,636.341383366604,7.69932985305786,51.4000015258789,46.72,1.4840851636765646,Albania,ALB
2231.99333515006,0.69,2.306817,23.5,2932108666.66667,31.7000007629394,0.1,12.5000733055148,73.131,2.0,590.509814347428,4.8487696647644,50.5,65.22,0.42009452521537,Algeria,DZA
20423.174299407267,10.17,1.444016280487805,37.402890173410405,5033261621.666663,47.54943806401799,1.9354421768707486,81.0,69.75352356020942,3.68944099378882,1173.1789948671906,5.36217880249023,58.63595508189684,88.92,1.4840851636765646,Andorra,AND
1381.00426770244,5.57,1.4613288,23.1,248358000.0,69.4000015258789,2.0,9.99995388324075,51.093,-2.0,172.999227388199,14.5546770095825,75.6999969482422,56.7,1.4840851636765646,Angola,AGO
11894.4640745081,8.17,1.444016280487805,37.402890173410405,16225000.0,47.54943806401799,1.9354421768707486,80.6454545454545,69.75352356020942,3.68944099378882,1173.1789948671906,2.16184329986572,58.63595508189684,30.46,1.4840851636765646,Antigua and Barbuda,ATG
10749.4192379463,9.35,0.560987,73.9,5872119000.0,45.9000015258789,0.5,36.0003349500148,75.901,8.0,768.428299701347,7.765584,58.4000015258789,92.0,0.635943800978195,Argentina,ARG
1326.74175718861,13.66,2.6184384,51.6,51219666.6666667,34.2000007629394,0.1,44.0010245795602,74.241,5.0,603.763057563433,3.74158787727356,40.0999984741211,63.86,1.4840851636765646,Armenia,ARM
8740.96607625943,6.689411764705882,1.444016280487805,37.402890173410405,35871000.0,47.54943806401799,1.9354421768707486,41.8008888888889,75.246,3.68944099378882,1173.1789948671906,9.640839010528843,58.63595508189684,46.78,1.4840851636765646,Aruba,ABW
20423.174299407267,10.21,0.4862799,76.1,5997869166.666675,54.5999984741211,0.1,75.8956537961344,81.907,10.0,2285.5094189148476,8.4700301251191,61.5,88.74,1.91302610912404,Australia,AUS
20423.174299407267,12.4,0.8155798,70.5,4466084333.33333,49.7000007629394,0.3,72.7315755423123,80.854,10.0,2068.12330899163,13.09437,57.0999984741211,67.16,1.54879096611674,Austria,AUT
2344.89691619809,13.34,1.9767462,31.5,511107666.666667,56.2000007629394,0.1,46.6797015683676,70.739,-7.0,921.562110759901,1.38096463680267,60.9000015258789,51.92,0.35917260997566,Azerbaijan,AZE
19630.5405471267,8.65,0.5452863,54.4,137555000.0,60.7000007629394,3.1,42.9845801749271,75.62,3.68944099378882,1173.1789948671906,3.3744158744812,66.5999984741211,83.7,1.4840851636765646,Bahamas,BHS
12505.2125447354,4.19,2.7555606012195124,40.2,503994333.333333,30.2000007629394,1.9354421768707486,54.9928090332805,75.057,-7.0,2285.5094189148476,4.41499042510986,60.4000015258789,88.52,1.4840851636765646,Bahrain,BHR
558.062876627297,0.17,0.2878915,16.6,598774000.0,53.5999984741211,0.06,3.70000325975843,68.944,5.0,68.1152285841314,14.5383567810059,68.0999984741211,27.14,0.03228146619272,Bangladesh,BGD
9243.58705259742,6.42,0.6639555,62.5,36160666.6666667,60.2999992370606,1.4,70.028599270073,76.835,3.68944099378882,1173.1789948671906,3.10860252380371,66.9000015258789,39.84,1.4840851636765646,Barbados,BRB
2737.67037938365,18.85,2.7555606012195124,36.0,999874333.333333,48.5999984741211,0.3,32.0521439093783,70.349,-7.0,614.907287211113,21.50124287605287,53.4000015258789,73.46,0.687828079664248,Belarus,BLR
20423.174299407267,10.41,0.8156477,76.1,5997869166.666675,41.7000007629394,0.2,73.7339344713656,80.009,8.0,1920.96221521997,15.95385,48.5999984741211,97.36,1.4840851636765646,Belgium,BEL
3545.652173906,5.92,0.7583556,29.8,14058000.0,38.7999992370606,2.3,12.6457333333333,76.072,3.68944099378882,1173.1789948671906,9.38879585266113,56.7999992370606,51.7,1.4840851636765646,Belize,BLZ
377.039699461343,2.08,0.2233986,28.1,37950000.0,58.2000007629394,1.2,3.12996180338983,56.081,7.0,38.2229433578852,6.05773973464966,71.5999984741211,41.2,1.4840851636765646,Benin,BEN
20423.174299407267,6.689411764705882,1.444016280487805,37.402890173410405,20331666.6666667,47.54943806401799,1.9354421768707486,84.6545140866873,69.75352356020942,3.68944099378882,1173.1789948671906,9.640839010528843,58.63595508189684,100.0,1.4840851636765646,Bermuda,BMU
1324.19490626644,0.54,1.444016280487805,21.8,6024333.33333333,39.9000015258789,0.2,13.5988760330578,67.185,3.0,1173.1789948671906,15.5426025390625,58.4000015258789,34.48,1.4840851636765646,Bhutan,BTN
1232.79413697982,5.78,1.8821978,24.7,254939666.666667,61.5999984741211,0.2,20.0017101420083,66.618,7.0,213.061613682625,2.0341784954071,70.4000015258789,65.58,1.4840851636765646,Bolivia,BOL
2183.34486702398,9.6,0.4628471,58.9,236419333.333333,34.9000015258789,1.9354421768707486,52.0020606382979,75.67,3.68944099378882,927.119497375994,11.8367156982422,41.2000007629394,47.44,1.4840851636765646,Bosnia and Herzegovina,BIH
4189.43658749046,6.97,1.1319097,33.4,78943333.3333333,38.7000007629394,4.538605442176872,5.9998355754858,53.183,8.0,454.795705303917,11.2139701843262,46.0,59.58,1.4840851636765646,Botswana,BWA
4699.41126207406,10.08,0.7213964,46.0,5997869166.666675,53.2999992370606,0.45,40.6500980040627,73.488,8.0,498.165305235568,4.777007,64.5,85.58,0.599651788515833,Brazil,BRA
17092.460003775,1.86,2.7555606012195124,20.6,254206333.333333,55.5,1.9354421768707486,49.9899749373434,78.005,3.68944099378882,2285.5094189148476,1.37000155448914,63.7999992370606,74.82,1.4840851636765646,Brunei,BRN
2549.55847381023,11.4,2.0433877,46.2,3157700333.33333,42.0999984741211,0.1,45.9865899070879,73.371,9.0,1380.86928851973,9.216544,47.2999992370606,71.1,0.560423530742967,Bulgaria,BGR
276.200412964869,7.32,0.1629041,30.6,20628666.6666667,73.54999732971186,1.2,1.4000606995385,55.439,0.0,1173.1789948671906,8.20422172546387,79.0000019073485,19.56,1.4840851636765646,Burkina Faso,BFA
115.305995904875,9.65,1.1577498,19.5,8092333.33333333,73.54999732971186,3.3,2.10021270579814,50.411,6.0,1173.1789948671906,14.6809358596802,79.0000019073485,10.4,1.4840851636765646,Burundi,BDI
557.947512595975,4.71,2.5364458,21.5,45411666.6666667,73.4000015258789,0.5,1.25993360916614,63.125,2.0,51.5813195796782,4.96107149124146,78.9000015258789,21.56,1.4840851636765646,Cambodia,KHM
713.639302724279,7.9,0.305758,29.7,125172666.666667,49.0,4.538605442176872,3.99997734578295,51.61,-4.0,59.5512449813566,7.21422052383423,59.0999984741211,56.76,1.4840851636765646,Cameroon,CMR
20423.174299407267,10.2,0.3429763,76.1,5997869166.666675,58.9000015258789,0.2,81.3383926859286,81.012,10.0,2285.5094189148476,10.10099,63.5,80.4,3.00735585130469,Canada,CAN
1959.8444724473,4.98,0.4833248,28.1,5214000.0,43.5999984741211,1.9354421768707486,29.999939516129,74.156,3.68944099378882,1173.1789948671906,5.63333368301392,55.9000015258789,59.62,1.4840851636765646,Cape Verde,CPV
8740.96607625943,6.689411764705882,1.444016280487805,37.402890173410405,8968666.66666667,47.54943806401799,1.9354421768707486,66.0,69.75352356020942,3.68944099378882,1173.1789948671906,9.640839010528843,58.63595508189684,100.0,1.4840851636765646,Cayman Islands,CYM
239.518749365157,3.17,0.1486587,16.5,8338000.0,62.9000015258789,4.538605442176872,2.3000266530334,49.62449999999998,-1.0,1173.1789948671906,13.5484199523926,71.3000030517578,38.58,1.4840851636765646,Central African Rep.,CAF
275.884286531631,4.39,0.8358123,16.5,7608333.33333334,66.3000030517578,3.4,1.70003149550191,49.62449999999998,-2.0,1173.1789948671906,8.28307056427002,68.9000015258789,26.68,1.4840851636765646,Chad,TCD
6334.10519399913,8.81,1.3411144,43.9,1839471333.33333,35.5,0.4,45.0,79.12,10.0,532.515177206975,10.17187,51.0,88.44,0.85896155171229,Chile,CHL
2425.4712932681,5.56,0.3713568,18.7,5997869166.666675,68.9000015258789,0.1,34.3777895192408,73.456,-7.0,331.376632032295,16.9132480621338,72.8000030517578,43.1,0.31953236898534,China,CHN
3233.42378012982,6.59,2.2156207,30.3,2269806000.0,54.9000015258789,0.5,36.4998746408899,73.703,7.0,404.591365372499,4.907702,63.2000007629394,74.5,0.237607469048225,Colombia,COL
336.368749481516,0.28,1.444016280487805,19.5,2368666.66666667,59.2999992370606,0.1,5.09826530612245,61.061,9.0,1173.1789948671906,4.7510838508606,68.0,28.08,1.4840851636765646,Comoros,COM
103.775857241166,3.39,0.628381,10.3,169180000.0,50.4000015258789,1.9354421768707486,0.720008677328886,49.62449999999998,5.0,30.7092435483984,14.713020324707,66.1999969482422,33.96,1.4840851636765646,"Congo, Dem. Rep.",COD
1253.29201505445,4.46,0.7716936,20.6,46306333.3333333,52.2999992370606,3.4,4.99987509275291,57.379,-4.0,56.3724503102233,9.87376117706299,64.1999969482422,61.34,1.4840851636765646,"Congo, Rep.",COG
8740.96607625943,3.23,1.444016280487805,37.402890173410405,1045000.0,47.54943806401799,1.9354421768707486,35.63271576902173,69.75352356020942,3.68944099378882,1173.1789948671906,4.37336492538452,58.63595508189684,56.76935960591133,1.4840851636765646,Cook Islands,COK
5188.9009351913,5.81,0.4736536,30.9,148470666.666667,40.0999984741211,0.3,36.4991147241897,79.311,10.0,798.340599644843,6.597168,58.5999984741211,63.26,1.4840851636765646,Costa Rica,CRI
591.06794433684,6.47,0.2339148,26.0,228748666.666667,38.0999984741211,3.4,2.59997365487891,55.377,0.0,70.387444443114,20.3179302215576,59.9000015258789,48.78,1.4840851636765646,Cote d'Ivoire,CIV
6338.49466772177,15.0,1.1032787,62.1,310024000.0,39.4000015258789,0.06,60.1197070167497,76.64,9.0,1494.41026836435,14.77625,47.0999984741211,57.28,1.4840851636765646,Croatia,HRV
4495.04626152988,5.12,1.4953835,31.2,1286670000.0,43.7000007629394,0.1,15.8999703410908,79.143,-7.0,528.787349748965,10.57191,56.0,75.66,1.4840851636765646,Cuba,CUB
15313.8593472276,8.84,2.4549129,67.2,183535000.0,51.2999992370606,1.9354421768707486,53.0247448294886,79.591,10.0,2123.76286266534,2.206169,59.0999984741211,69.9,1.4840851636765646,Cyprus,CYP
7381.31275080681,16.47,0.5157058,58.4,1776016000.0,47.5999984741211,0.06,68.6381334713247,77.685,8.0,1438.78041203959,12.36798,56.0,73.5,0.876778335188545,Czech Rep.,CZE
20423.174299407267,12.02,1.012373,76.1,3503877666.66667,58.0999984741211,0.2,88.7702538741662,78.826,10.0,1884.2993420087,8.973104,63.0999984741211,86.68,1.56752746145954,Denmark,DNK
895.318339642724,1.87,2.7555606012195124,19.5,14054333.3333333,47.54943806401799,2.5,6.4979235095613,57.937,2.0,1173.1789948671906,4.99347591400146,58.63595508189684,87.3,1.4840851636765646,Djibouti,DJI
6147.77960984301,8.68,1.444016280487805,37.402890173410405,2401666.66666667,47.54943806401799,1.9354421768707486,47.2804360294118,69.75352356020942,3.68944099378882,1173.1789948671906,5.83525085449219,58.63595508189684,73.92,1.4840851636765646,Dominica,DMA
4049.16962912605,6.28,1.469369,36.1,446365333.333333,40.5,0.9,39.5312742621134,73.396,8.0,457.644842265195,6.5195369720459,52.7000007629394,69.02,1.4840851636765646,Dominican Rep.,DOM
1728.02097614196,9.43,1.0179463,23.5,692039333.333333,45.5,0.4,28.9994767369513,75.632,5.0,314.826199681928,8.50468444824219,59.7000007629394,65.58,0.732816540969042,Ecuador,ECU
1975.55190593959,0.32,2.7555606012195124,24.2,3341129000.0,20.35000038146984,0.06,26.7400253815905,73.235,-3.0,536.760450729528,1.79990363121033,42.4000015258789,42.72,0.447479266085188,Egypt,EGY
2557.43363775919,3.99,1.321155,13.6,143586666.666667,44.7999992370606,0.8,15.8999820280962,72.196,8.0,256.099151340679,7.304886,58.2000007629394,60.7,1.4840851636765646,El Salvador,SLV
8654.53684493545,6.12,0.3976544,16.5,26125000.0,39.5999984741211,4.538605442176872,6.00343714285714,51.088,-5.0,1173.1789948671906,10.1293497085571,61.7000007629394,39.38,1.4840851636765646,Equatorial Guinea,GNQ
131.79620701044,1.64,2.7555606012195124,19.5,7315000.0,51.7000007629394,0.8,5.39966699657404,61.597,-7.0,20.288131093423,8.91336250305176,64.9000015258789,20.72,1.4840851636765646,Eritrea,ERI
6238.53750622149,17.24,0.9984276,47.7,277170666.666667,52.0999984741211,1.2,74.1630402985074,74.825,9.0,1411.23053215612,16.95924,56.5,69.46,1.4840851636765646,Estonia,EST
220.891247922332,4.1,0.3617085,24.7,119958666.666667,73.0,1.9354421768707486,0.749995849909584,59.274,1.0,15.0562359104808,10.0719423294067,79.0000019073485,17.0,1.4840851636765646,Ethiopia,ETH
8740.96607625943,6.689411764705882,1.444016280487805,37.402890173410405,21351000.0,47.54943806401799,1.9354421768707486,75.2,69.75352356020942,3.68944099378882,1173.1789948671906,9.640839010528843,58.63595508189684,41.42,1.4840851636765646,Faeroe Islands,FRO
2230.67637410844,2.76,1.1772684,31.2,35717000.0,36.7999992370606,0.1,14.8307358837209,69.245,-4.0,1173.1789948671906,3.94025897979736,56.4000015258789,52.36,1.4840851636765646,Fiji,FJI
20423.174299407267,13.1,1.1774157,76.1,2420300666.66667,53.4000015258789,0.1,86.89884450783,79.977,10.0,2285.5094189148476,16.23437,57.2000007629394,63.3,1.93865426822699,Finland,FIN
20423.174299407267,12.48,1.2337802,76.1,5997869166.666675,45.5999984741211,0.4,77.4986193497188,81.539,9.0,2285.5094189148476,14.09153,51.2000007629394,77.36,1.32829141095398,France,FRA
8740.96607625943,6.689411764705882,1.444016280487805,34.2,19800000.0,47.54943806401799,1.9354421768707486,48.9573284132841,75.133,3.68944099378882,1173.1789948671906,9.640839010528843,58.63595508189684,51.64,1.4840851636765646,French Polynesia,PYF
4180.765820678,9.46,1.0189063,18.2,170804333.333333,52.5999984741211,4.538605442176872,7.23222424584718,62.703,3.0,537.104738136131,7.7450647354126,59.0,85.04,1.4840851636765646,Gabon,GAB
354.599726291282,3.58,0.1345905,6.4,7355333.33333333,65.6999969482422,2.0,9.19677547715442,58.491,-5.0,1173.1789948671906,6.44915676116943,71.6999969482422,56.42,1.4840851636765646,Gambia,GMB
1258.76259631224,6.66,1.4507353,51.8,81191000.0,48.5,0.1,26.2972514824798,73.737,6.0,617.925551751831,1.57435011863708,55.5999984741211,52.74,1.4840851636765646,Georgia,GEO
20423.174299407267,12.14,0.5758096,76.1,5997869166.666675,46.7999992370606,0.1,82.526897905279,80.414,10.0,1693.89189801066,9.211085,53.5,73.64,1.39850003277545,Germany,DEU
358.979539801255,3.11,0.1314868,28.1,188268666.666667,64.0999984741211,1.8,9.54993070063956,64.228,8.0,97.2464921181312,6.28855466842651,65.0999984741211,50.02,1.4840851636765646,Ghana,GHA
8740.96607625943,6.689411764705882,1.444016280487805,37.402890173410405,7388333.33333334,47.54943806401799,1.9354421768707486,65.0,69.75352356020942,3.68944099378882,0.0,9.640839010528843,58.63595508189684,56.76935960591133,1.4840851636765646,Gibraltar,GIB
13577.8798850901,11.01,2.7555606012195124,51.6,2712915333.33333,37.7999992370606,0.1,44.5700744432662,79.915,10.0,1690.71843441126,2.816705,49.5999984741211,61.0,1.62861488680774,Greece,GRC
20423.174299407267,6.689411764705882,1.444016280487805,37.402890173410405,23635333.3333333,47.54943806401799,1.9354421768707486,63.8491527222556,69.75352356020942,3.68944099378882,1173.1789948671906,9.640839010528843,58.63595508189684,83.52,1.4840851636765646,Greenland,GRL
5330.40161203986,10.71,1.444016280487805,37.402890173410405,4774000.0,47.54943806401799,1.9354421768707486,33.6166828846154,75.956,3.68944099378882,1173.1789948671906,3.57647824287415,58.63595508189684,30.84,1.4840851636765646,Grenada,GRD
8740.96607625943,6.689411764705882,1.444016280487805,37.402890173410405,45778333.3333333,38.2999992370606,1.9354421768707486,35.63271576902173,79.839,3.68944099378882,1173.1789948671906,9.640839010528843,43.0999984741211,56.76935960591133,1.4840851636765646,Guadeloupe,GLP
8740.96607625943,6.689411764705882,1.444016280487805,50.4,5033261621.666663,47.54943806401799,1.9354421768707486,35.63271576902173,76.142,3.68944099378882,1173.1789948671906,9.640839010528843,58.63595508189684,93.16,1.4840851636765646,Guam,GUM
1860.75389496662,7.1,0.6608385,25.9,242594000.0,44.0,0.8,10.4999481895893,71.172,8.0,187.32488217269,2.234896,62.7000007629394,48.58,1.4840851636765646,Guatemala,GTM
411.501447251245,0.79,0.4026995,15.3,46684000.0,73.54999732971186,1.3,0.99995892606692,54.097,-1.0,1173.1789948671906,7.44382619857788,79.0000019073485,34.44,1.4840851636765646,Guinea,GIN
161.317137104969,3.9,0.9301079,28.1,7813666.66666667,49.9000015258789,2.5,2.45036224422442,49.62449999999998,6.0,1173.1789948671906,7.56369209289551,65.9000015258789,29.84,1.4840851636765646,Guinea-Bissau,GNB
1200.65207493742,8.7,0.8776657,29.5,69329333.3333333,41.7999992370606,1.2,29.8799214569536,69.927,6.0,1173.1789948671906,21.50124287605287,58.9000015258789,28.38,1.4840851636765646,Guyana,GUY
371.424197524244,5.92,0.0,4.4,40857666.6666667,35.4000015258789,1.9,8.37020688381867,62.095,5.0,9.19239470829337,1.51924800872803,55.9000015258789,46.84,1.4840851636765646,Haiti,HTI
1392.41182851517,4.43,0.7108232,25.9,131703000.0,34.2000007629394,0.8,11.0907646263158,73.126,7.0,278.739635049004,7.06018447875976,56.2999992370606,47.88,1.4840851636765646,Honduras,HND
20423.174299407267,6.689411764705882,1.444016280487805,37.402890173410405,1026813333.33333,51.5999984741211,1.9354421768707486,71.8491239388795,82.759,3.68944099378882,1468.64078433473,9.640839010528843,59.0,100.0,2.28265540594474,"Hong Kong, China",HKG
5634.00394801682,16.12,0.8668624,63.0,4244009000.0,40.2999992370606,0.06,65.163250915,74.414,10.0,1154.17993206064,20.16201,47.2999992370606,67.5,0.671097580092241,Hungary,HUN
20423.174299407267,7.38,0.0661,76.1,92770333.3333334,69.5999984741211,0.3,95.6381132075472,81.804,3.68944099378882,2285.5094189148476,11.4261808395386,73.5999984741211,92.26,1.4840851636765646,Iceland,ISL
786.700098148644,2.69,0.5739204,19.1,5997869166.666675,32.2999992370606,0.3,7.49999587829644,65.438,9.0,110.705466369068,18.5838260650635,55.4000015258789,29.54,0.12697875236038,India,IND
1143.8315135159,0.56,0.5159403,26.1,5997869166.666675,44.0999984741211,0.2,9.90003867219744,69.366,8.0,221.961461434371,11.3961114883423,61.5,51.46,0.248466950577122,Indonesia,IDN
2161.54650966562,1.03,2.0263996,17.1,5997869166.666675,26.8999996185303,0.2,13.0001107160721,72.974,-7.0,753.209802163397,6.02188205718994,47.7999992370606,68.46,1.1625764478504,Iran,IRN
736.268053798916,0.47,2.7555606012195124,31.7,2421917666.66667,20.35000038146984,1.9354421768707486,2.47194834691393,69.042,0.0,0.0,17.0326461791992,38.19999885559089,66.6,1.4840851636765646,Iraq,IRQ
20423.174299407267,14.92,0.4500244,74.9,1633778666.66667,51.0,0.2,69.7703944134078,80.557,10.0,2051.80233770977,10.36507,59.9000015258789,61.34,1.70026175082217,Ireland,IRL
20423.174299407267,2.52,2.7555606012195124,76.1,1561079666.66667,46.4000015258789,0.2,65.3877859391396,81.618,10.0,2285.5094189148476,5.931845,51.2999992370606,91.66,1.4840851636765646,Israel,ISR
18982.2692850615,9.72,1.7293464,74.4,5997869166.666675,35.7999992370606,0.3,53.740216600367,81.855,10.0,1176.38545705165,4.93004450889753,46.4000015258789,68.08,1.20724981423877,Italy,ITA
3665.34836857594,5.17,0.2437395,43.5,340090666.666667,47.5,1.7,26.4772232420429,73.127,9.0,368.434606060087,4.41750717163086,58.2000007629394,53.3,1.4840851636765646,Jamaica,JAM
20423.174299407267,7.79,0.3618584,32.7,5997869166.666675,46.2000007629394,0.06,77.6385351546869,83.394,10.0,2257.57223317911,18.94693,57.2999992370606,66.48,1.593223489425,Japan,JPN
2534.00037997061,0.65,2.7555606012195124,33.0,377303666.666667,20.35000038146984,1.9354421768707486,38.8812015875641,73.403,-3.0,719.47653023379,0.20144872367382,38.9000015258789,78.42,1.4840851636765646,Jordan,JOR
2481.71891791164,11.1,0.9562696,38.7,2484925666.66667,58.2000007629394,0.1,33.3821281627152,67.017,-6.0,484.098987955634,21.50124287605287,63.7000007629394,57.94,0.779964666976614,Kazakhstan,KAZ
468.69604355829,3.88,0.1595738,25.2,283583666.666667,66.5999984741211,4.538605442176872,25.8997967022931,57.134,7.0,41.1800032056586,10.9377183914185,73.1999969482422,21.6,1.4840851636765646,Kenya,KEN
760.262365036505,2.7,1.444016280487805,37.402890173410405,1111000.0,47.54943806401799,1.9354421768707486,8.95914,69.75352356020942,3.68944099378882,1173.1789948671906,9.640839010528843,58.63595508189684,43.84,1.4840851636765646,Kiribati,KIR
8740.96607625943,6.689411764705882,2.7555606012195124,20.4,5896388666.66667,56.0,1.9354421768707486,35.63271576902173,68.846,-9.0,0.0,4.73567342758179,64.5999984741211,62.68,1.4840851636765646,"Korea, Dem. Rep.",PRK
16372.4997808892,18.905,2.7555606012195124,20.4,5997869166.666675,48.0,0.06,82.5159279959079,80.642,8.0,1142.30900859597,21.50124287605287,58.9000015258789,81.46,2.08784801064196,"Korea, Rep.",KOR
8740.96607625943,0.1,1.6095482,31.8,1712755000.0,42.0,1.9354421768707486,38.2602335526316,74.576,-7.0,2285.5094189148476,1.49805742428412,65.6999969482422,98.36,6.46756788753886,Kuwait,KWT
372.728414000128,4.72,0.8377678,23.0,87970666.6666667,48.7999992370606,0.3,19.5823164464024,67.714,1.0,428.31230705847,9.875281,58.9000015258789,36.28,1.4840851636765646,Kyrgyzstan,KGZ
554.87984007104,6.99,2.7555606012195124,10.9,21332666.6666667,73.54999732971186,0.2,6.99988034188034,67.484,-7.0,1173.1789948671906,21.50124287605287,78.1999969482422,30.88,1.4840851636765646,Laos,LAO
5011.21945633632,13.45,1.3164321,44.3,125755666.666667,50.7000007629394,0.7,71.5147235372934,73.339,8.0,904.669445356176,20.36959,56.7999992370606,68.12,1.4840851636765646,Latvia,LVA
6746.61263178936,2.3,2.7555606012195124,52.5,428006333.333333,22.2999992370605,0.1,31.0043782824698,72.64,7.0,913.845660215951,5.8383150100708,46.0,86.96,1.4840851636765646,Lebanon,LBN
495.734246943527,5.56,0.2176526,13.1,5033261621.666663,49.7999992370606,4.538605442176872,3.8605653984339,49.62449999999998,8.0,1173.1789948671906,7.85861921310425,56.2999992370606,25.46,1.4840851636765646,Lesotho,LSO
155.033231230204,5.07,0.1299529,18.8,38991333.3333333,53.2000007629394,1.5,7.0002138207311,56.786,6.0,1173.1789948671906,7.18485260009766,66.0,60.14,1.4840851636765646,Liberia,LBR
7885.46803690446,0.1,2.7555606012195124,23.4,1414031666.66667,23.2000007629395,1.9354421768707486,14.0002467348544,74.788,-7.0,846.014922624299,4.66702461242676,48.5999984741211,77.54,1.4840851636765646,Libya,LBY
20423.174299407267,6.689411764705882,1.444016280487805,37.402890173410405,5033261621.666663,47.54943806401799,1.9354421768707486,80.0,69.75352356020942,3.68944099378882,1173.1789948671906,9.640839010528843,58.63595508189684,14.32,1.4840851636765646,Liechtenstein,LIE
5332.23859142075,16.3,1.4878309,38.5,226255333.333333,48.7999992370606,0.1,62.8119000060846,72.231,10.0,758.858719204085,21.50124287605287,53.0999984741211,66.96,0.812369437939638,Lithuania,LTU
20423.174299407267,12.84,0.7313362,76.1,592012666.666667,45.9000015258789,0.3,90.0795266272189,79.963,3.68944099378882,1566.10613860734,12.4059181213379,53.5,82.44,1.4840851636765646,Luxembourg,LUX
20423.174299407267,6.689411764705882,1.444016280487805,37.402890173410405,38397333.3333333,57.5,1.9354421768707486,56.7640823529412,80.934,3.68944099378882,1173.1789948671906,9.640839010528843,63.5999984741211,100.0,1.4840851636765646,"Macao, China",MAC
2221.18566404139,8.94,2.101467,52.1,168883000.0,26.7999992370605,1.9354421768707486,51.9141843203883,74.847,9.0,1173.1789948671906,7.87687826156616,38.19999885559089,66.9,1.4840851636765646,"Macedonia, FYR",MKD
242.677534160129,1.32,0.2351846,19.5,62777000.0,73.54999732971186,0.2,1.69998514531235,66.718,0.0,1173.1789948671906,5.76740646362305,79.0000019073485,29.52,1.4840851636765646,Madagascar,MDG
184.141796591644,1.44,0.1145925,10.5,28490000.0,69.0,4.538605442176872,2.25997588483994,54.21,6.0,1173.1789948671906,10.1717348098755,71.8000030517578,18.8,1.4840851636765646,Malawi,MWI
5184.70932756049,0.87,1.1421267,30.8,2670950333.33333,43.0999984741211,0.5,56.3000336995176,74.221,6.0,767.970323793555,8.21106719970703,60.5,70.36,0.890813170528365,Malaysia,MYS
4038.85781795092,6.689411764705882,1.444016280487805,37.402890173410405,8231666.66666667,42.0999984741211,0.06,28.2897009493671,76.848,3.68944099378882,1173.1789948671906,21.50124287605287,56.9000015258789,37.86,1.4840851636765646,Maldives,MDV
269.892881119738,0.99,0.3269778,18.2,17515666.6666667,34.4000015258789,1.0,2.69996644762524,51.444,7.0,1173.1789948671906,8.2628927230835,45.7000007629394,32.18,1.4840851636765646,Mali,MLI
11066.7841447174,4.1,1.1443188,76.1,73784333.3333333,30.1000003814697,0.1,63.0779927884615,79.634,3.68944099378882,1598.67395894254,4.5511212348938,46.7999992370606,94.26,1.4840851636765646,Malta,MLT
2437.28244538549,6.689411764705882,1.444016280487805,37.402890173410405,1206333.33333333,47.54943806401799,1.9354421768707486,35.63271576902173,69.75352356020942,3.68944099378882,1173.1789948671906,7.20238351821899,58.63595508189684,71.08,1.4840851636765646,Marshall Islands,MHL
8740.96607625943,6.689411764705882,1.444016280487805,37.402890173410405,56162333.3333333,38.2000007629394,1.9354421768707486,35.63271576902173,80.499,3.68944099378882,1173.1789948671906,9.640839010528843,42.5,56.76935960591133,1.4840851636765646,Martinique,MTQ
609.131205921911,0.11,1.5512617,28.1,56818666.6666667,45.2999992370606,0.7,2.99980317919075,58.582,-2.0,1173.1789948671906,6.88295221328735,46.9000015258789,41.0,1.4840851636765646,Mauritania,MRT
5182.14372064153,3.53,0.3495439,31.6,59473333.3333333,36.2999992370606,1.0,28.7318834972678,73.373,10.0,1173.1789948671906,8.08154,54.5,42.48,1.4840851636765646,Mauritius,MUS
6105.28074296134,8.55,0.6123401,26.4,5997869166.666675,39.5999984741211,0.3,31.050012866438,76.954,8.0,431.625378835419,4.288574,57.9000015258789,77.2,0.770566503742106,Mexico,MEX
2146.3585930742,5.25,1.444016280487805,37.402890173410405,5033261621.666663,47.54943806401799,1.9354421768707486,20.0115315315315,68.978,3.68944099378882,1173.1789948671906,4.76226997375488,58.63595508189684,22.54,1.4840851636765646,"Micronesia, Fed. Sts.",FSM
595.874534521728,18.905,0.5415062,49.6,149904333.333333,43.5999984741211,0.4,40.122234699607,69.317,8.0,304.940114846777,15.53849,44.2999992370606,41.76,1.4840851636765646,Moldova,MDA
20423.174299407267,6.689411764705882,1.444016280487805,37.402890173410405,5033261621.666663,47.54943806401799,1.9354421768707486,35.63271576902173,69.75352356020942,3.68944099378882,1173.1789948671906,11.1510725021362,58.63595508189684,100.0,1.4840851636765646,Monaco,MCO
772.933344800758,3.41,1.2118685,6.6,300934333.333333,50.9000015258789,0.06,12.9000046806967,68.498,10.0,303.805448658063,13.0896158218384,52.0999984741211,57.18,1.4840851636765646,Mongolia,MNG
2222.33505218301,6.689411764705882,1.444016280487805,37.402890173410405,5033261621.666663,47.54943806401799,1.9354421768707486,51.9580379746836,74.573,9.0,1173.1789948671906,9.640839010528843,58.63595508189684,60.18,1.4840851636765646,Montenegro,MNE
1844.35102762401,1.24,2.0858528,22.5,953051000.0,22.2000007629395,0.1,49.0006318425088,72.15,-6.0,209.094517288377,2.10941362380981,46.2000007629394,56.02,1.4840851636765646,Morocco,MAR
389.763634253063,2.27,0.1022692,3.9,107096000.0,73.54999732971186,4.538605442176872,4.17013638520735,50.239,5.0,31.3868376997569,10.5503749847412,77.0,36.84,1.4840851636765646,Mozambique,MOZ
8740.96607625943,0.58,1.9129653,20.2,322960000.0,66.5,0.6,35.63271576902173,65.193,-6.0,38.0056373678139,10.1149969100952,74.6999969482422,32.58,1.4840851636765646,Myanmar,MMR
2667.24670973056,12.09,1.9729132,24.7,26209333.3333333,37.2999992370606,4.538605442176872,6.50082282084976,62.465,6.0,0.0,8.02196979522705,42.0,36.84,1.4840851636765646,Namibia,NAM
8740.96607625943,4.81,1.444016280487805,37.402890173410405,4814333.33333333,47.54943806401799,1.9354421768707486,35.63271576902173,69.75352356020942,3.68944099378882,1173.1789948671906,4.07952547073364,58.63595508189684,56.76935960591133,1.4840851636765646,Nauru,NRU
268.259449511417,2.42,1.0127322,21.8,52657000.0,54.5999984741211,0.4,7.93009634901031,68.795,6.0,31.5445639730244,11.6552095413208,61.7999992370606,17.24,1.4840851636765646,Nepal,NPL
20423.174299407267,9.75,0.5261262,76.1,5997869166.666675,54.2999992370606,0.2,90.7035550890708,80.734,10.0,1490.05690911309,8.164005,61.2999992370606,81.82,2.9976546061431,Netherlands,NLD
8740.96607625943,6.689411764705882,1.444016280487805,37.402890173410405,102538333.333333,47.0999984741211,1.9354421768707486,35.63271576902173,76.652,3.68944099378882,0.0,9.640839010528843,53.5,92.68,1.4840851636765646,Netherlands Antilles,ANT
8740.96607625943,6.689411764705882,1.444016280487805,37.402890173410405,90269666.6666667,47.54943806401799,1.9354421768707486,35.63271576902173,76.521,3.68944099378882,1173.1789948671906,9.640839010528843,58.63595508189684,64.78,1.4840851636765646,New Caledonia,NCL
14778.1639288175,9.99,0.3891575,76.1,1321661000.0,58.2999992370606,0.1,83.0025842490842,80.654,10.0,2285.5094189148476,12.17976,65.0,86.56,1.57962114732691,New Zealand,NZL
948.355952021311,5.21,0.5265916,23.9,109681000.0,36.0,0.2,9.99855415443082,74.044,9.0,126.826577789864,12.1222686767578,58.7999992370606,56.74,1.4840851636765646,Nicaragua,NIC
180.083376000006,0.34,0.2177167,23.3,30800000.0,38.0,0.8,0.82999748517277,54.675,-3.0,1173.1789948671906,9.2579755783081,60.4000015258789,16.54,1.4840851636765646,Niger,NER
544.599476657726,12.72,0.3331953,31.2,2386820333.33333,36.5,3.6,28.4300326610404,51.879,4.0,74.0642409015004,7.63104963302612,50.9000015258789,48.36,1.4840851636765646,Nigeria,NGA
8740.96607625943,8.69,1.444016280487805,37.402890173410405,132000.0,47.54943806401799,1.9354421768707486,35.63271576902173,69.75352356020942,3.68944099378882,1173.1789948671906,4.21707630157471,58.63595508189684,56.76935960591133,1.4840851636765646,Niue,NIU
20423.174299407267,8.35,0.7205279,74.8,1962704333.33333,60.9000015258789,0.1,93.2775079341379,81.097,10.0,2285.5094189148476,10.823,65.0,77.48,2.19122604421648,Norway,NOR
11191.8110074347,0.92,2.7555606012195124,13.2,487993000.0,22.6000003814697,0.1,61.987412863816,72.974,-8.0,2124.60881599304,3.71673941612244,50.7000007629394,71.62,1.4840851636765646,Oman,OMN
668.54794303958,0.05,1.6494507,50.1,2329308666.66667,20.35000038146984,0.1,16.7800370218845,65.437,5.0,186.925515019777,12.8698148727417,51.0,36.16,0.118092059523329,Pakistan,PAK
6243.57131825833,9.86,1.444016280487805,37.402890173410405,1723333.33333333,47.54943806401799,1.9354421768707486,35.63271576902173,69.75352356020942,3.68944099378882,1173.1789948671906,5.55427646636963,58.63595508189684,80.46,1.4840851636765646,Palau,PLW
5900.61694445396,7.3,0.7502103,29.0,170404666.666667,43.4000015258789,0.9,42.7478120557293,76.128,9.0,500.288505487757,6.1052818998346,59.7999992370606,73.2,1.4840851636765646,Panama,PAN
744.23941319297,3.64,0.1051147,17.3,88337333.3333333,68.9000015258789,0.9,1.28004964712744,62.791,4.0,1173.1789948671906,11.9569406509399,70.4000015258789,12.54,1.4840851636765646,Papua New Guinea,PNG
1621.17707762392,7.91,0.885386,34.4,95256333.3333333,65.3000030517578,0.3,19.8016811899597,72.477,8.0,528.648050964799,4.409532,73.0999984741211,60.3,1.4840851636765646,Paraguay,PRY
3180.43061177196,6.53,1.4356332,35.1,1146277000.0,59.7999992370606,0.4,34.3006039895446,73.99,9.0,239.38945704528,1.65890777111053,68.3000030517578,71.4,0.288892973132403,Peru,PER
1383.40186887912,6.08,0.3880673,46.6,2008116000.0,46.7999992370606,0.06,24.9999458508916,68.749,8.0,179.615180612242,1.92248511314392,61.0,64.92,0.140466308255265,Philippines,PHL
6575.7450438731,14.43,0.8101865,50.3,5997869166.666675,42.0999984741211,0.1,62.4712301278022,76.126,10.0,704.399751630464,13.63706,48.7000007629394,61.32,0.68710279319042,Poland,POL
11744.8341671737,13.89,1.616886,55.5,1865922666.66667,50.5999984741211,0.6,51.2804783981952,79.499,10.0,1259.39245718096,8.18837547302246,57.5999984741211,59.46,1.18026462656989,Portugal,PRT
15822.1121405699,6.689411764705882,1.444016280487805,50.4,5033261621.666663,34.5999984741211,1.9354421768707486,42.6923347662142,79.158,3.68944099378882,1173.1789948671906,9.640839010528843,42.4000015258789,98.32,1.4840851636765646,Puerto Rico,PRI
20423.174299407267,1.29,1.3342359,33.3,811965000.0,39.5999984741211,0.06,81.5903972711768,78.371,-9.5,2285.5094189148476,2.5157208442688,76.0,95.64,4.20743089152618,Qatar,QAT
8740.96607625943,6.689411764705882,1.444016280487805,37.402890173410405,55146666.6666667,37.9000015258789,1.9354421768707486,35.63271576902173,77.653,3.68944099378882,1173.1789948671906,9.640839010528843,44.2000007629394,56.76935960591133,1.4840851636765646,Reunion,REU
2636.78779985257,16.15,1.5367663,44.3,5997869166.666675,43.7999992370606,0.1,40.0200948796529,73.979,9.0,467.565807708071,10.05932,49.5,54.24,0.423524288955078,Romania,ROU
2923.1443547617,16.23,1.9414459,38.8,5997869166.666675,53.7999992370606,1.0,43.3664977213404,68.823,4.0,825.941110733663,21.50124287605287,58.7999992370606,72.84,1.03246988375935,Russia,RUS
338.266391227048,9.99,0.7268554,8.8,20152000.0,73.54999732971186,2.9,13.0000061182229,55.442,-3.0,1173.1789948671906,13.1179485321045,79.0000019073485,18.34,1.4840851636765646,Rwanda,RWA
9175.79601473916,10.62,1.444016280487805,37.402890173410405,2251333.33333333,47.54943806401799,1.9354421768707486,76.5875384615385,69.75352356020942,3.68944099378882,1173.1789948671906,9.640839010528843,58.63595508189684,32.32,1.4840851636765646,Saint Kitts and Nevis,KNA
5248.58232147098,12.05,1.444016280487805,37.402890173410405,7601000.0,47.54943806401799,1.9354421768707486,40.0613793103448,74.641,3.68944099378882,1173.1789948671906,8.21094799041748,58.63595508189684,27.84,1.4840851636765646,Saint Lucia,LCA
4885.04670142104,4.99,1.444016280487805,37.402890173410405,3659333.33333333,47.54943806401799,1.9354421768707486,35.63271576902173,72.283,3.68944099378882,1173.1789948671906,9.59302711486816,58.63595508189684,47.04,1.4840851636765646,Saint Vincent and the Grenadines,VCT
1784.07128376035,4.51,1.444016280487805,34.2,4352333.33333334,47.54943806401799,1.9354421768707486,6.96503804347826,72.444,3.68944099378882,1173.1789948671906,5.54232358932495,58.63595508189684,23.0,1.4840851636765646,Samoa,WSM
20423.174299407267,6.689411764705882,1.444016280487805,37.402890173410405,5033261621.666663,47.54943806401799,1.9354421768707486,35.63271576902173,69.75352356020942,3.68944099378882,1173.1789948671906,6.08767080307007,58.63595508189684,94.22,1.4840851636765646,San Marino,SMR
8740.96607625943,8.45,1.444016280487805,37.402890173410405,2335666.66666667,47.54943806401799,1.9354421768707486,18.7951136363636,64.666,3.68944099378882,1173.1789948671906,10.4931497573853,58.63595508189684,60.56,1.4840851636765646,Sao Tome and Principe,STP
9425.32586978275,0.34,2.6182964,24.7,5997869166.666675,20.35000038146984,1.9354421768707486,41.0001284610901,73.911,-9.5,2285.5094189148476,6.40153789520264,51.2000007629394,82.42,4.57226780767154,Saudi Arabia,SAU
561.70858483041,0.51,0.3622613,18.4,127108666.666667,56.9000015258789,0.9,15.9996499919575,59.318,7.0,55.7947435350112,6.81143856048584,65.5999984741211,42.38,1.4840851636765646,Senegal,SEN
1194.71143337515,12.21,1.444016280487805,37.402890173410405,5033261621.666663,47.54943806401799,0.1,43.0550670552736,74.522,8.0,1387.9785208178,13.71634,58.63595508189684,52.04,1.4840851636765646,Serbia,SRB
8740.96607625943,6.689411764705882,1.444016280487805,58.4,5033261621.666663,41.0999984741211,1.9354421768707486,35.63271576902173,69.75352356020942,3.68944099378882,1173.1789948671906,14.4696483612061,48.7000007629394,56.76935960591133,1.4840851636765646,Serbia and Montenegro,SCG
8614.12021915499,12.11,1.444016280487805,37.402890173410405,9155666.66666667,47.54943806401799,1.9354421768707486,40.7728505747126,69.75352356020942,3.68944099378882,1173.1789948671906,9.50792789459228,58.63595508189684,54.34,1.4840851636765646,Seychelles,SYC
268.331790297681,9.48,0.5235483,28.1,29758666.6666667,63.4000015258789,1.6,35.63271576902173,49.62449999999998,7.0,1173.1789948671906,11.9804973602295,63.7999992370606,37.76,1.4840851636765646,Sierra Leone,SLE
20423.174299407267,1.54,2.7555606012195124,48.7,1548044666.66667,51.2999992370606,0.1,71.131707307465,81.126,-2.0,1464.83728128777,9.127511,62.4000015258789,100.0,12.2286449914262,Singapore,SGP
8445.5266887449,13.31,0.628578,48.0,590674333.333333,45.2999992370606,0.06,79.8897773443831,75.446,10.0,830.701647008188,10.64574,53.4000015258789,56.56,0.677392784741599,Slovak Republic,SVK
12729.4543999442,14.94,1.1602817,58.9,214368000.0,49.4000015258789,0.06,69.3399707174231,79.341,10.0,1585.17473879458,19.42261,55.9000015258789,48.6,1.4840851636765646,Slovenia,SVN
1144.10219337041,1.37,1.444016280487805,29.8,5210333.33333334,51.2999992370606,1.9354421768707486,5.00137546468402,67.852,8.0,1173.1789948671906,4.4847526550293,65.0,17.96,1.4840851636765646,Solomon Islands,SLB
8740.96607625943,0.5,1.444016280487805,19.5,16379000.0,50.7000007629394,0.7,35.63271576902173,51.219,0.0,1173.1789948671906,21.50124287605287,66.0,36.52,1.4840851636765646,Somalia,SOM
3745.64985213146,10.16,0.3318626,35.0,5997869166.666675,34.2999992370606,4.538605442176872,12.3348932627873,52.797,9.0,920.137599784772,15.7145709991455,41.0999984741211,60.74,0.50465945290886,South Africa,ZAF
15461.7583724074,11.83,0.9795374,50.9,5997869166.666675,41.7000007629394,0.4,65.808553671507,81.404,10.0,1779.5035100472,5.888479,52.5,77.12,1.61685912245698,Spain,ESP
1295.74268608629,0.81,2.569643,23.6,253854333.333333,39.2000007629394,0.06,11.9999706615532,74.941,6.0,161.09346853593,21.50124287605287,55.0999984741211,15.1,1.4840851636765646,Sri Lanka,LKA
523.950151490192,2.56,0.969499,22.5,225019666.666667,27.8999996185303,1.1,35.63271576902173,61.452,-4.0,50.8921013827174,9.70955562591553,47.2999992370606,43.44,1.4840851636765646,Sudan,SDN
2668.02051890396,6.56,1.0584191,30.0,86317000.0,30.3999996185303,1.0,31.5680976,70.563,3.68944099378882,1173.1789948671906,20.7474308013916,44.7000007629394,74.92,1.4840851636765646,Suriname,SUR
1810.23053262504,5.05,1.444016280487805,12.3,22704000.0,47.0999984741211,4.538605442176872,9.00773590909091,49.62449999999998,-9.0,1173.1789948671906,12.8722219467163,50.9000015258789,24.94,1.4840851636765646,Swaziland,SWZ
20423.174299407267,9.5,0.3520917,76.1,4286590000.0,56.7000007629394,0.1,90.0161900191939,81.439,10.0,2285.5094189148476,11.11583,60.7000007629394,84.54,1.54589380221323,Sweden,SWE
20423.174299407267,11.41,0.52422,76.1,2406741333.33333,57.0,0.4,82.166659877332,82.338,10.0,2285.5094189148476,13.23981,64.3000030517578,73.48,1.48741218722918,Switzerland,CHE
1525.78011590162,1.49,2.7555606012195124,44.8,1436893333.33333,20.35000038146984,1.9354421768707486,20.6631556805399,75.85,-7.0,815.03109088878,0.52352756261826,44.7999992370606,54.22,1.4840851636765646,Syria,SYR
8740.96607625943,6.689411764705882,1.444016280487805,37.402890173410405,5248815000.0,47.0999984741211,1.9354421768707486,35.63271576902173,69.75352356020942,10.0,1831.7318482588,9.640839010528843,54.5,56.76935960591133,2.00651465798046,Taiwan,TWN
279.180452556006,3.39,0.6048733,13.2,104170000.0,50.0999984741211,0.2,11.5493905146097,67.529,-3.0,405.775385404175,2.64898085594177,54.5999984741211,26.46,1.4840851636765646,Tajikistan,TJK
456.385711651118,7.86,0.1347296,21.1,100782000.0,73.54999732971186,4.538605442176872,11.0000554403336,58.199,-1.0,38.6345029820674,12.4111814498901,78.1999969482422,25.52,1.4840851636765646,Tanzania,TZA
2712.51719873012,7.08,1.0936515,16.6,4200940333.33333,65.0,1.3,21.2000717687567,74.126,4.0,439.589731761561,9.84745979309082,72.0,33.32,0.726249675321547,Thailand,THA
369.572953736655,0.74,0.2342862,37.402890173410405,850666.666666667,54.7000007629394,1.9354421768707486,0.210066325622776,62.475,7.0,1173.1789948671906,9.6331148147583,67.3000030517578,27.3,1.4840851636765646,Timor-Leste,TLS
285.224449254519,1.92,0.3400308,28.1,32233666.6666667,48.4000015258789,3.2,5.3798197146649,57.062,-4.0,66.2385219315022,6.3698878288269,63.9000015258789,42.0,1.4840851636765646,Togo,TGO
2025.28266492268,3.92,1.444016280487805,37.402890173410405,2907666.66666667,47.54943806401799,1.9354421768707486,12.0066923076923,72.317,3.68944099378882,1173.1789948671906,4.52785158157349,58.63595508189684,24.78,1.4840851636765646,Tonga,TON
10480.8172032185,6.16,0.581165,51.1,5033261621.666663,50.5,1.5,48.5168176733781,70.124,10.0,2261.3167125914,14.5471668243408,61.5,13.22,1.4840851636765646,Trinidad and Tobago,TTO
3164.9276932512,1.05,1.266624,19.6,525891666.666667,21.3999996185303,0.06,36.5625529623661,74.515,-4.0,325.839560846163,3.1468141078949,41.5999984741211,66.5,1.4840851636765646,Tunisia,TUN
5348.59719186494,3.02,2.3794147,22.0,5675629666.66667,21.8999996185303,0.06,39.8201778851441,73.979,7.0,550.696610302057,3.56332468986511,42.7999992370606,68.68,0.394489110829104,Turkey,TUR
2062.1251523574,5.0,0.9314175,17.9,531303666.666667,53.9000015258789,1.9354421768707486,2.19999781832606,64.986,-9.0,351.166594069621,12.2167692184448,58.5,48.62,1.11067147032078,Turkmenistan,TKM
1714.94288994653,2.14,1.444016280487805,37.402890173410405,5033261621.666663,47.54943806401799,1.9354421768707486,25.0,69.75352356020942,3.68944099378882,1173.1789948671906,7.93481159210205,58.63595508189684,56.76935960591133,1.4840851636765646,Tuvalu,TUV
377.421113256942,16.4,0.3445177,18.3,49793333.3333333,73.54999732971186,4.538605442176872,12.5002554302298,54.116,-1.0,1173.1789948671906,12.2891216278076,79.0000019073485,12.98,1.4840851636765646,Uganda,UGA
1036.830724903,17.47,0.9311688,39.9,5584766000.0,49.4000015258789,1.1,44.5853546903272,68.494,7.0,673.584860977538,18.95457,54.4000015258789,67.98,0.255234906436274,Ukraine,UKR
20423.174299407267,0.52,1.8124763,24.1,2315698000.0,37.2999992370606,1.9354421768707486,77.9967811501598,76.546,-8.0,2285.5094189148476,1.39295065402985,75.1999969482422,77.88,4.29996445540218,United Arab Emirates,ARE
20423.174299407267,13.24,0.5080181,76.1,5997869166.666675,53.0999984741211,0.2,84.7317047499679,80.17,10.0,1933.94561510918,6.014659,59.2999992370606,89.94,1.18802809420466,United Kingdom,GBR
20423.174299407267,9.7,0.9723782,76.1,5997869166.666675,56.0,0.6,74.2475720044351,78.531,10.0,2285.5094189148476,9.927033,62.2999992370606,81.7,2.73854368267782,United States,USA
9106.32723421876,8.99,1.5793413,76.1,275744333.333333,46.0,0.5,47.8674686327078,77.005,10.0,823.823197539603,14.53727,57.5,92.3,1.4840851636765646,Uruguay,URY
952.827260827539,3.61,0.7096295,17.3,1718339333.33333,52.5999984741211,0.1,19.4450205469746,68.287,-9.0,261.433953200106,5.21372,57.5,36.82,0.182184525086117,Uzbekistan,UZB
1543.95645667048,0.96,1.444016280487805,24.0,2977333.33333333,47.54943806401799,1.9354421768707486,7.98836666666667,71.017,3.68944099378882,1173.1789948671906,4.98342180252075,58.63595508189684,24.76,1.4840851636765646,Vanuatu,VUT
5528.36311387522,7.6,0.9040245,34.3,5418886000.0,45.7999992370606,1.9354421768707486,35.8504369560241,74.402,-3.0,969.004338760415,4.11962,59.9000015258789,93.32,1.21463677339747,Venezuela,VEN
722.807558834445,3.91,1.0853671,16.2,1425435000.0,67.5999984741211,0.4,27.8518215557703,75.181,-7.0,302.725654656034,11.6533222198486,71.0,27.84,1.4840851636765646,Vietnam,VNM
8740.96607625943,6.689411764705882,2.7555606012195124,37.402890173410405,14241333.3333333,20.35000038146984,1.9354421768707486,36.4227717919075,72.832,3.68944099378882,1173.1789948671906,9.640839010528843,38.19999885559089,71.9,1.4840851636765646,West Bank and Gaza,PSE
610.3573673206,0.2,2.3162346,35.1,234864666.666667,20.35000038146984,1.9354421768707486,12.3497504635596,65.493,-2.0,130.05783139719,6.26578903198242,39.0,30.64,1.4840851636765646,"Yemen, Rep.",YEM
432.226336974583,3.56,0.3413352,13.0,132025666.666667,53.5,4.538605442176872,10.124986462443,49.62449999999998,7.0,168.623030511023,12.0190362930298,61.0,35.42,1.4840851636765646,Zambia,ZMB
320.771889948584,4.96,1.0327854,19.0,590219666.666666,58.0999984741211,4.538605442176872,11.5004153209768,51.384,1.0,297.883200408304,13.9052667617798,66.8000030517578,37.34,1.4840851636765646,Zimbabwe,ZWE
